field_name,data_type,description,missing_value_policy,source_mapping_notes
source_dataset,string,"Canonical name of the originating dataset.","Required; do not infer. Use not_reported only if the source itself cannot be identified.","Expected values for planned imports: siRNAEfficacyDB or CMsiRNAdb. Never use this field to imply comparability across sources."
source_record_id,string,"Record identifier exactly as assigned by the originating dataset.","Use not_reported when no stable record-level identifier is supplied.","Do not replace with a locally generated identifier."
provenance_url,string,"Resolvable URL to the source dataset record download page or source record when available.","Use not_reported when no resolvable URL is supplied.","Dataset-level URL is acceptable only when a record-level URL is unavailable."
source_raw_record,string,"Lossless serialized representation of the original source row or record.","Use not_reported only when the raw record cannot be retained.","Preserves source-specific fields and original notation that are not represented by the unified columns."
source_raw_file,string,"Name or relative path of the immutable downloaded source file from which the record was parsed.","Use not_reported when unavailable.","Supports reproducibility without replacing the original raw file."
target_gene,string,"Target gene identifier or symbol exactly as reported by the source.","Use not_reported when the source does not report a target gene.","Do not resolve aliases or infer identifiers during initial ingestion; retain any later mapping in a separate curation layer."
sense_sequence,string,"Unmodified or raw sense strand sequence in the source-reported orientation.","Use not_reported when no sense strand is supplied.","Do not derive a complementary strand. Preserve modified-sequence notation in source_raw_record and chemical_modification_reported."
antisense_sequence,string,"Unmodified or raw antisense strand sequence in the source-reported orientation.","Use not_reported when no antisense strand is supplied.","Do not derive a complementary strand. Preserve modified-sequence notation in source_raw_record and chemical_modification_reported."
chemical_modification,string,"Controlled source-aware chemistry summary when an explicit mapping has been documented.","Use not_reported when chemistry is absent or has not been mapped.","This field may retain a source-specific category; it must not be populated as unmodified unless the source explicitly states that."
chemical_modification_reported,string,"Verbatim source-reported chemical modification text or encoding.","Use not_reported when the source does not report chemistry.","For CMsiRNAdb retain the reported modification sequence or annotation exactly; never reconstruct it from sequence alone."
modification_position,string,"Verbatim source-reported nucleotide or backbone modification positions.","Use not_reported when positions are absent.","Do not infer positions from a chemistry label or convert position conventions without a documented parser."
activity_value,number_or_string,"Reported numerical activity measurement without rescaling or cross-source transformation.","Use not_reported when no numeric value is reported.","Examples may include inhibition rate or knockdown percentage. A number from one source is not automatically comparable with a number from another."
activity_unit,string,"Unit or scale associated with activity_value.","Use not_reported when the source does not state a unit or scale.","Retain source wording such as percent or relative expression; do not assign a unit based on expected value range."
activity_type,string,"Source-reported activity endpoint definition.","Use not_reported when endpoint definition is absent.","Examples include inhibition rate or gene-expression knockdown. Do not collapse endpoints into one label without a documented rule."
assay_method,string,"Harmonized assay category only when an explicit source-to-category mapping exists.","Use not_reported when no assay method is reported or mapped.","Do not populate from an assumed patent or database workflow."
assay_method_reported,string,"Verbatim source-reported assay or readout method.","Use not_reported when the source does not report it.","Retain original terminology so future mappings remain auditable."
cell_line,string,"Source-reported named cell line.","Use not_reported when no cell line is reported.","Do not derive a cell line from cell type."
cell_type,string,"Source-reported cell or tissue type when distinct from a named cell line.","Use not_reported when no cell type is reported.","A source may populate cell_type while cell_line remains not_reported."
concentration,number_or_string,"Reported siRNA concentration value without unit conversion.","Use not_reported when absent or not safely parsed.","Retain the original source representation in source_raw_record when a numeric value cannot be separated from its unit."
concentration_unit,string,"Source-reported concentration unit.","Use not_reported when absent or not safely separable.","Do not infer nM or other units from convention."
treatment_time,number_or_string,"Reported treatment or incubation duration without unit conversion.","Use not_reported when absent or not safely parsed.","Retain the original source representation in source_raw_record when a numeric value cannot be separated from its unit."
treatment_unit,string,"Source-reported treatment or incubation time unit.","Use not_reported when absent or not safely separable.","Do not infer hours or days from assay convention."
reference,string,"Source-reported publication citation DOI PMID patent identifier or other reference.","Use not_reported when no reference is supplied.","For CMsiRNAdb retain patent identifiers; for siRNAEfficacyDB retain the supplied study reference when available."
